555 Sardines Red,2,20.65
All purpose Plant food 250ml,2,175.00
All purpose Plant food 500ml,1,300.00
Angel Condensada 380g,1,45.00
Argentina Corned Beef 175g,1,43.50
Argentina Giniling 250g,32,45.50
Argentina Meatloaf 150g,27,21.60
ARGENTINA MEATLOAF 170G,240,23.35
Ariel Hygiene Pro 78g,18,19.70
Ariel Powder 70g,333,14.00
Ariel Sunrise Fresh 70g,42,14.00
Axe Dark Temptation Dry 40ml,4,106.35
Axe Roll on Apollo 40ml,1,106.35
Axe Roll On Black 40ml,4,116.15
Axe roll On Gold Temptation Cool Dry 40ml,3,106.35
Axe Roll On Ice Chill Cool Dry 40ml,5,116.15
Baygon Mosquito Coil,32,19.30
Baygon Multi Insect killer Odorless 500ml,6,320.10
Baygon Multi Insect killer Protector 500ml,5,305.00
Baygon Multi Insect killer Waterbased500ml,8,305.00
Bear Brand Adult Plus 1000g,2,397.95
Bear Brand Adult Plus 300g,18,136.75
Bear Brand Adult Plus 600g,6,269.75
Bear Brand Powder 2000g,7,596.75
Bear Brand Powder 300g,13,110.90
BEAR BRAND POWDER 700G,62,240.00
Birch Tree Full Cream Milk 300g,5,150.00
Birch Tree Full Cream Milk 700g,12,343.80
Carnation Condensada 390ml,12,49.75
Century Tuna Assorted 155g,101,35.60
Century Tuna Assorted 180g,94,44.35
CENTURY TUNA FLAKES IN OIL 95G,212,27.10
CENTURY TUNA HOT SPICY 180G,48,44.90
Chuckie 180ml,189,20.00
Clio Toothbrush,5,18.00
Close UP Toothpaste Green Single 145ml,12,129.00
Close UP Toothpaste Twinpack 191ml,6,180.00
Close UP Toothpaste Twinpack 90ml,6,125.00
Close UpToothpaste Single 95ml,6,92.05
Coffeemate 170g,82,38.00
CREAMSILK SACHET GREEN 11ML,408,7.00
DATU PUTI PARES PACK 1LITER,6,91.95
Datu Puti Vinegar 350ml,1,18.15
Delmonte Fiesta Fruit Cocktail 836g,6,93.50
Delmonte Spaghetti W/ sauce,32,125.00
Dishwashing Kit,10,380.00
Dove  Shampoo 15ml,174,6.00
Dove Conditioner Sachet 10ml,540,7.50
Downy Sachet 23ml,108,8.00
Ecobag Large,111,15.00
Ecobag Medium,200,12.00
Eden Cheese 160g,8,55.00
El Real Salad Macaroni Rainbow 400g,3,45.05
Fresca Sardines,3,19.10
Gard Shampoo 180ml,1,127.65
Gillette Blue 2 ,37,28.95
Glade Car Gel assorted,18,153.05
Golden Fiesta Big Crunch,10,16.10
GOLDEN FIESTA CANOLA OIL 1LITER,12,159.70
Golden Fiesta Palm Oil 485ml,8,65.65
Golden Fiesta Palm Oil 950ml,14,125.00
Great Taste Granules 100g,9,87.00
Great Taste Granules 50g,12,43.55
Green Cross Soap 135g,4,39.75
Head & Shoulder Shampoo Sachet,138,6.50
Hunts Pork & Beans 175g,21,24.60
Hunts Pork & Beans 390g,24,57.35
Jolly Canola Oil 1L,21,152.75
Jolly Claro Palm Oil 1L,29,120.00
Jolly Cow Condensada 390ml,73,39.95
Jolly Fruit Cocktail 850g,48,91.50
Jolly Mushroom ,9,53.80
Jolly Mushroom Pieces & Stem 284g,7,44.20
JOLLY MUSHROOM PIECES & STEM 400G,33,53.80
JOLLY WHOLE CORN KERNELS 425G,37,38.75
Joy Dishwashing Liquid 18.5ml,15,6.00
Joy Dishwashing Liquid 36ml,72,13.00
Joy Dishwashing Liquid 45ml Assorted,195,15.00
Jufran Sweet Chili Sauce 330g,8,54.75
Knorr Broth Cubes 10g,241,6.00
Knorr Broth Cubes w/free Great Taste White 10g,17,72.00
Knorr Crab & Corn 60g,19,60.00
Knorr Nido Oriental 60g,27,60.00
Knorr Sinigang Sa gabi 22g,252,15.00
Knorr Sinigang sa sampalok orig 22g,174,13.00
Ladies Choice Chicken 470ml,2,232.55
Ladies Choice Sandwich Spread 470ml,2,175.70
Ligo Sardines Green,30,24.15
Ligo Sardines Red,11,22.75
Magic Sarap 8g,69,3.20
Mang Tomas plain 325g,7,37.50
Milo Activ Go Sachet podwer,70,7.20
Mr. Gulaman 25g,30,15.00
Mr. Muscle Bathroom Cleaner floral 450ml,11,89.60
Mr. Muscle Fresh Starter Disc 38g,2,123.60
Mr. Muscles Multipurpose Cleaner lemon 1L,9,130.50
Mr. Muscles Multipurpose Cleaner Vanilla 1L,9,130.50
NESCAFE CLASSIC 50g,154,40.50
Nescafe Classic 100g,40,80.50
Nestle All Purpose Cream 250ml,3,59.55
Nestle Carnation Evap 250ml,8,19.75
Nissin Cup Noodles assorted 40g,163,20.00
OFF Lotion Overtime 98g,9,179.10
Oral B Toothbrush Assorted,24,16.95
Palmolive Shampoo sachet 15ml,144,6.00
Papa catsup 320g,24,26.30
Payless Xtra big Pancit Canton,24,18.20
Pledge Enhancing Polish Lemon 330ml,10,295.60
Pride Bar,74,25.50
Pride powder assorted 2000g,9,210.60
Pride Powder Sachet Assorted,600,2100.00
Pride Powder W/ Fabcon 2000g,18,210.60
Relish Mushroom 284g,17,41.30
Relish Mushroom 400g,9,43.65
Rexona men Charcoal Detox 40ml,4,116.15
Rexona men Ice Cool 40ml,2,116.15
Rexona men Lime Cool 40ml,3,118.60
Rexona men Sport Defense 40ml,5,118.60
Rexona Powder Dry 40ml,1,106.35
Safeguard soap Family 135g,27,53.00
Safeguard Soap Family 85g,44,43.00
Safeguard Soap Sachet  60G,181,23.00
SEBS dishwashing Liquid,7,55.00
Smart Dishwashing paste 200g kalamansi,107,24.60
Smart Dishwashing paste 200g Lemon,84,24.60
Smart Dishwashing Paste 400g Kalamansi,16,46.90
Smart Dishwashing Paste 400g Lemon,31,46.90
Sunsilk Shampoo 180ml,7,109.00
Sunsilk Shampoo Sachet 15ml,265,6.00
Super Q Bihon 500g,26,40.35
Surf Fabric Condtioner 25ml,11,6.00
Surf Fabric Condtioner tri- sachet 69ml,96,18.00
Surf Powder Cherry blossom 75g,8,6.00
Surf Powder Rose Fresh 50g,204,6.00
Surf Powder Sun Fresh yellow,276,6.00
Tide Powder 74g,210,14.00
Tide Ultra powder 70g,68,14.00
Todays Fruitcocktail mix 3.033kg,4,244.90
UFC Tamis Anghang catsup 320g,17,28.75
Vita Keratin Conditioner Sachet,82,6.00
Young Town Sardines Green,13,21.60
Youngtown Sardines RED,1,22.10
